Department,Status,Total,"Last Activity"
"Trash (or tickets without department)","In Queue",429,"643 days 20 hours 49 minutes"
"Trash (or tickets without department)","On hold",5,"643 days 12 hours 00 minutes"
"Trash (or tickets without department)",Reopened,4,"643 days 11 hours 42 minutes"
"Trash (or tickets without department)","Info Given",11,"643 days 20 hours 09 minutes"
"WoT → Вопросы технического характера WoT → Проблемы в работе клиента игры, производительность, критические ошибки","On hold",129,"59 days 18 hours 51 minutes"
"WoT → Вопросы технического характера WoT → Проблемы в работе клиента игры, производительность, критические ошибки","Need info",1025,"42 days 15 hours 13 minutes"
"WoT → Вопросы технического характера WoT → Проблемы в работе клиента игры, производительность, критические ошибки","Info Given",128,"0 days 19 hours 56 minutes"
"WoT → Вопросы технического характера WoT → Проблемы в работе клиента игры, производительность, критические ошибки",Reopened,6,"0 days 17 hours 57 minutes"
"WoT → Вопросы технического характера WoT → Проблемы в работе клиента игры, производительность, критические ошибки","In Queue",6,"0 days 00 hours 45 minutes"
"Project Support Issues → SMS Issues","On hold",48,"44 days 20 hours 39 minutes"
"Project Support Issues → SMS Issues","In Queue",9,"20 days 21 hours 25 minutes"
"Project Support Issues → SMS Issues","Info Given",12,"43 days 15 hours 53 minutes"
"Project Support Issues → SMS Issues",Reopened,4,"22 days 15 hours 18 minutes"
"Project Support Issues → SMS Issues","Need info",32,"5 days 15 hours 42 minutes"
"Project Support Issues → BUGS → Bugs WoT","On hold",10,"42 days 23 hours 17 minutes"
"Project Support Issues → BUGS → Bugs WoT","In Queue",2,"9 days 17 hours 33 minutes"
"Project Support Issues → BUGS → Bugs WoT","Info Given",1,"6 days 17 hours 43 minutes"
"Project Support Issues → BUGS → Bugs Mobile","On hold",11,"212 days 18 hours 41 minutes"
"Project Support Issues → BUGS → Bugs Mobile","Info Given",3,"19 days 17 hours 42 minutes"
"Project Support Issues → BUGS → Bugs Mobile","In Queue",1,"19 days 07 hours 18 minutes"
"WoT → Вопросы по аккаунту WoT → anonymous","Need info",188,"42 days 15 hours 47 minutes"
"WoT → Вопросы по аккаунту WoT → anonymous","In Queue",77,"0 days 11 hours 04 minutes"
"WoT → Вопросы по аккаунту WoT → anonymous","Info Given",4,"0 days 08 hours 52 minutes"
"WoT → Вопросы по аккаунту WoT → anonymous",Reopened,2,"0 days 09 hours 42 minutes"
"WOWS → Вопросы технического характера WoWS → Вопросы установки и обновления","Need info",24,"42 days 11 hours 48 minutes"
"Blitz → Вопросы по игре и игровому имуществу Blitz → Геймплей","On hold",40,"40 days 18 hours 34 minutes"
"Blitz → Вопросы по игре и игровому имуществу Blitz → Геймплей","Need info",54,"39 days 21 hours 49 minutes"
"Blitz → Вопросы по игре и игровому имуществу Blitz → Геймплей","In Queue",43,"0 days 12 hours 55 minutes"
"Blitz → Вопросы по игре и игровому имуществу Blitz → Геймплей","Info Given",10,"0 days 12 hours 09 minutes"
"Blitz → Вопросы по игре и игровому имуществу Blitz → Геймплей",Reopened,8,"0 days 12 hours 55 minutes"
"WoT → Вопросы технического характера WoT → Звук, голосовая связь, чат","Need info",116,"42 days 15 hours 08 minutes"
"WoT → Вопросы технического характера WoT → Звук, голосовая связь, чат","Info Given",15,"0 days 19 hours 11 minutes"
"WoT → Вопросы по игровому имуществу WoT → Случайно продал технику","Need info",153,"42 days 15 hours 06 minutes"
"WoT → Вопросы по игровому имуществу WoT → Случайно продал технику","In Queue",64,"0 days 12 hours 46 minutes"
"WoT → Вопросы по игровому имуществу WoT → Случайно продал технику","Info Given",13,"0 days 12 hours 38 minutes"
"WoT → Вопросы по игровому имуществу WoT → Случайно продал технику",Reopened,2,"0 days 10 hours 42 minutes"
"Project Support Issues → Global Map & Clans","In Queue",14,"11 days 20 hours 58 minutes"
"Project Support Issues → Global Map & Clans","Info Given",3,"10 days 16 hours 26 minutes"
"Project Support Issues → Global Map & Clans",Reopened,1,"5 days 18 hours 11 minutes"
"WOWS → Вопросы технического характера WoWS → Запуск клиента игры, вылеты на рабочий стол, критические ошибки","Need info",105,"42 days 14 hours 35 minutes"
"WoT → Нарушения Правил игры WoT → WOT Жалобы на нарушения Правил игры","Need info",249,"307 days 23 hours 10 minutes"
"WoT → Нарушения Правил игры WoT → WOT Жалобы на нарушения Правил игры","Info Given",23,"0 days 21 hours 11 minutes"
"WoT → Нарушения Правил игры WoT → WOT Жалобы на нарушения Правил игры","In Queue",76,"0 days 09 hours 22 minutes"
"WoT → Нарушения Правил игры WoT → WOT Жалобы на нарушения Правил игры",Reopened,11,"0 days 17 hours 58 minutes"
"WoT → Вопросы по аккаунту WoT → Не могу зайти на почту","Need info",125,"42 days 13 hours 22 minutes"
"WoT → Вопросы по аккаунту WoT → Не могу зайти на почту","Info Given",1,"0 days 07 hours 27 minutes"
"WoT → Вопросы по аккаунту WoT → Не могу зайти на почту","In Queue",13,"0 days 10 hours 45 minutes"
"WoT → Вопросы по игровому имуществу WoT → Потерял имущество / экипаж","Need info",33,"6 days 19 hours 10 minutes"
"WoT → Вопросы по игровому имуществу WoT → Потерял имущество / экипаж","On hold",10,"5 days 11 hours 03 minutes"
"WoT → Вопросы по игровому имуществу WoT → Потерял имущество / экипаж","In Queue",47,"0 days 12 hours 34 minutes"
"WoT → Вопросы по игровому имуществу WoT → Потерял имущество / экипаж",Reopened,10,"0 days 12 hours 49 minutes"
"WoT → Вопросы по игровому имуществу WoT → Потерял имущество / экипаж","Info Given",6,"0 days 10 hours 59 minutes"
"WoT → Турниры и Клановые войны → Укрепрайоны","Need info",10,"6 days 06 hours 03 minutes"
"WoT → Турниры и Клановые войны → Укрепрайоны","On hold",5,"1 days 13 hours 55 minutes"
"WoT → Турниры и Клановые войны → Укрепрайоны","In Queue",19,"0 days 11 hours 47 minutes"
"WoT → Турниры и Клановые войны → Укрепрайоны","Info Given",2,"0 days 12 hours 31 minutes"
"Blitz → Вопросы технического характера Blitz → Проблемы в работе клиента игры, производительность, критические ошибки","Need info",122,"6 days 21 hours 52 minutes"
"Blitz → Вопросы технического характера Blitz → Проблемы в работе клиента игры, производительность, критические ошибки","On hold",6,"5 days 22 hours 29 minutes"
"Blitz → Вопросы технического характера Blitz → Проблемы в работе клиента игры, производительность, критические ошибки","Info Given",1,"0 days 00 hours 20 minutes"
"Financial → Платеж не прошел → Банковская карта НП","Need info",14,"6 days 16 hours 49 minutes"
"WoT → Вопросы по аккаунту WoT → Удаление аккаунта","Need info",143,"6 days 21 hours 49 minutes"
"WoT → Вопросы по аккаунту WoT → Удаление аккаунта","In Queue",18,"0 days 10 hours 23 minutes"
"WoT → Вопросы по аккаунту WoT → Удаление аккаунта","Info Given",3,"0 days 10 hours 52 minutes"
"WoT → Вопросы по аккаунту WoT → Удаление аккаунта",Reopened,1,"0 days 00 hours 16 minutes"
"WoT → Вопросы технического характера WoT → Не могу установить и/или обновить","Need info",152,"42 days 15 hours 06 minutes"
"WoT → Вопросы технического характера WoT → Не могу установить и/или обновить","Info Given",21,"0 days 18 hours 40 minutes"
"WoT → Вопросы по аккаунту WoT → Хочу отвязать телефон","Need info",150,"42 days 15 hours 34 minutes"
"WoT → Вопросы по аккаунту WoT → Хочу отвязать телефон","In Queue",62,"0 days 10 hours 55 minutes"
"WoT → Вопросы по аккаунту WoT → Хочу отвязать телефон","Info Given",3,"0 days 08 hours 27 minutes"
"WoT → Вопросы по аккаунту WoT → Хочу отвязать телефон",Reopened,2,"0 days 10 hours 37 minutes"
"WoT → Вопросы технического характера WoT → Вопросы интернет-соединения, ping в игре","Need info",286,"42 days 15 hours 02 minutes"
"WoT → Вопросы технического характера WoT → Вопросы интернет-соединения, ping в игре","On hold",2,"43 days 00 hours 49 minutes"
"WoT → Вопросы технического характера WoT → Вопросы интернет-соединения, ping в игре","Info Given",21,"0 days 17 hours 33 minutes"
"WoT → Вопросы технического характера WoT → Вопросы интернет-соединения, ping в игре","In Queue",1,"0 days 00 hours 30 minutes"
"DPP → Question DPP","In Queue",6,"34 days 08 hours 51 minutes"
"DPP → Question DPP","On hold",3,"125 days 15 hours 33 minutes"
"DPP → Question DPP",Reopened,1,"90 days 21 hours 29 minutes"
"Project Support Issues → Tech Experts → Tech Experts WoWS","Info Given",16,"27 days 17 hours 29 minutes"
"Project Support Issues → Tech Experts → Tech Experts WoWS",Reopened,1,"12 days 04 hours 42 minutes"
"Project Support Issues → Tech Experts → Tech Experts WoWS","In Queue",1,"1 days 19 hours 28 minutes"
"Project Support Issues → Game Experts → Game Experts WoT","On hold",2,"8 days 20 hours 14 minutes"
"Project Support Issues → BUGS → Bugs WoTB","In Queue",10,"12 days 20 hours 08 minutes"
"Project Support Issues → BUGS → Bugs WoTB","Need info",1,"42 days 14 hours 59 minutes"
"Project Support Issues → BUGS → Bugs WoTB","Info Given",3,"6 days 17 hours 17 minutes"
"Blitz → Нарушения Правил игры Blitz → WoTB Жалобы на нарушения Правил игры","Need info",249,"39 days 21 hours 49 minutes"
"Blitz → Нарушения Правил игры Blitz → WoTB Жалобы на нарушения Правил игры",Reopened,15,"1 days 08 hours 58 minutes"
"Blitz → Нарушения Правил игры Blitz → WoTB Жалобы на нарушения Правил игры","In Queue",137,"1 days 20 hours 36 minutes"
"Blitz → Нарушения Правил игры Blitz → WoTB Жалобы на нарушения Правил игры","Info Given",46,"2 days 04 hours 05 minutes"
"Project Support Issues → Tech Experts → Tech Experts WoT","On hold",3,"643 days 05 hours 52 minutes"
"Project Support Issues → Tech Experts → Tech Experts WoT","Info Given",7,"26 days 09 hours 31 minutes"
"Project Support Issues → Tech Experts → Tech Experts WoT",Reopened,1,"4 days 21 hours 30 minutes"
"Blitz → Вопросы по игре и игровому имуществу Blitz → Не получил награду за ивент / конкурс / стрим","On hold",3,"40 days 18 hours 34 minutes"
"Blitz → Вопросы по игре и игровому имуществу Blitz → Не получил награду за ивент / конкурс / стрим","Info Given",1,"0 days 10 hours 44 minutes"
"Blitz → Вопросы по игре и игровому имуществу Blitz → Не получил награду за ивент / конкурс / стрим","In Queue",1,"0 days 12 hours 06 minutes"
"Blitz → Вопросы по аккаунту Blitz → Не могу зайти на почту","Need info",12,"6 days 17 hours 43 minutes"
"WoT → Вопросы по аккаунту WoT → Проблема при авторизации","Need info",89,"6 days 22 hours 49 minutes"
"WoT → Вопросы по аккаунту WoT → Проблема при авторизации","On hold",5,"1 days 16 hours 44 minutes"
"WoT → Вопросы по аккаунту WoT → Проблема при авторизации","In Queue",22,"0 days 12 hours 22 minutes"
"WoT → Вопросы по аккаунту WoT → Проблема при авторизации",Reopened,1,"0 days 00 hours 18 minutes"
"WoT → Вопросы по аккаунту WoT → Проблема при авторизации","Info Given",1,"0 days 12 hours 37 minutes"
"WoWP → Вопросы технического характера WoWP → Проблемы с игровым клиентом","Need info",28,"6 days 16 hours 18 minutes"
"WoT → Турниры и Клановые войны → Глобальная карта","Need info",3,"6 days 21 hours 49 minutes"
"WoT → Турниры и Клановые войны → Глобальная карта","On hold",1,"0 days 22 hours 13 minutes"
"WoT → Турниры и Клановые войны → Глобальная карта","In Queue",2,"0 days 11 hours 52 minutes"
"WOWS → Вопросы технического характера WoWS → Звук, чат","Need info",7,"6 days 21 hours 49 minutes"
"WoT → Вопросы по геймплею WoT → Другие вопросы по геймплею","Need info",210,"6 days 22 hours 30 minutes"
"WoT → Вопросы по геймплею WoT → Другие вопросы по геймплею","On hold",25,"8 days 20 hours 47 minutes"
"WoT → Вопросы по геймплею WoT → Другие вопросы по геймплею",Reopened,45,"0 days 12 hours 37 minutes"
"WoT → Вопросы по геймплею WoT → Другие вопросы по геймплею","In Queue",144,"0 days 12 hours 50 minutes"
"WoT → Вопросы по геймплею WoT → Другие вопросы по геймплею","Info Given",15,"0 days 12 hours 48 minutes"
"WoT → Нарушения Правил игры WoT → WOT Обжалование наказаний","Need info",63,"42 days 06 hours 29 minutes"
"WoT → Нарушения Правил игры WoT → WOT Обжалование наказаний","On hold",3,"1 days 11 hours 21 minutes"
"WoT → Нарушения Правил игры WoT → WOT Обжалование наказаний","In Queue",168,"0 days 15 hours 39 minutes"
"WoT → Нарушения Правил игры WoT → WOT Обжалование наказаний","Info Given",14,"0 days 19 hours 12 minutes"
"WoT → Нарушения Правил игры WoT → WOT Обжалование наказаний",Reopened,26,"0 days 20 hours 08 minutes"
"Project Support Issues → Tech Experts → Tech Experts WoWP",Reopened,1,"23 days 19 hours 44 minutes"
"Project Support Issues → Tech Experts → Tech Experts WoWP","In Queue",1,"5 days 23 hours 57 minutes"
"DPP → Error DPP","In Queue",7,"36 days 19 hours 28 minutes"
"DPP → Error DPP","On hold",4,"134 days 14 hours 44 minutes"
"DPP → Error DPP","Info Given",1,"0 days 10 hours 49 minutes"
"WOWS → Вопросы по аккаунту WOWS → Проблема при авторизации","Need info",14,"6 days 20 hours 49 minutes"
"WOWS → Вопросы по аккаунту WOWS → Проблема при авторизации","Info Given",1,"0 days 12 hours 15 minutes"
"WOWS → Вопросы по аккаунту WOWS → Проблема при авторизации","On hold",3,"0 days 21 hours 26 minutes"
"WOWS → Вопросы по аккаунту WOWS → Проблема при авторизации","In Queue",4,"0 days 12 hours 01 minutes"
"WoT → Вопросы по геймплею WoT → Личные боевые задачи","Need info",98,"6 days 20 hours 28 minutes"
"WoT → Вопросы по геймплею WoT → Личные боевые задачи","In Queue",37,"0 days 12 hours 33 minutes"
"WoT → Вопросы по геймплею WoT → Личные боевые задачи",Reopened,4,"0 days 11 hours 13 minutes"
"WoT → Вопросы по геймплею WoT → Личные боевые задачи","On hold",5,"0 days 18 hours 54 minutes"
"WoT → Вопросы по геймплею WoT → Личные боевые задачи","Info Given",1,"0 days 05 hours 10 minutes"
"WOWS → Вопросы технического характера WoWS → Вопросы интернет-соединения, ping в игре","Need info",46,"6 days 22 hours 49 minutes"
"Blitz → Вопросы технического характера Blitz → Вопросы интернет-соединения, ping в игре","Need info",64,"42 days 14 hours 53 minutes"
"WOWS → Вопросы по аккаунту WOWS → Удаление аккаунта","Need info",4,"42 days 16 hours 06 minutes"
"WOWS → Вопросы по аккаунту WOWS → Удаление аккаунта","In Queue",3,"0 days 07 hours 10 minutes"
"Blitz → Вопросы технического характера Blitz → Не могу установить и/или обновить","Need info",46,"42 days 01 hours 35 minutes"
"Blitz → Вопросы технического характера Blitz → Не могу установить и/или обновить","On hold",20,"5 days 19 hours 01 minutes"
"Blitz → Вопросы по игре и игровому имуществу Blitz → Случайно продал технику","Need info",51,"39 days 21 hours 49 minutes"
"Blitz → Вопросы по игре и игровому имуществу Blitz → Случайно продал технику","In Queue",30,"0 days 12 hours 46 minutes"
"Blitz → Вопросы по игре и игровому имуществу Blitz → Случайно продал технику",Reopened,1,"0 days 11 hours 14 minutes"
"Blitz → Вопросы по игре и игровому имуществу Blitz → Случайно продал технику","Info Given",1,"0 days 05 hours 41 minutes"
"Project Support Issues → Tech Experts → Tech Experts WoTB","On hold",3,"42 days 18 hours 23 minutes"
"Project Support Issues → Tech Experts → Tech Experts WoTB","Info Given",8,"25 days 21 hours 06 minutes"
"Project Support Issues → Tech Experts → Tech Experts WoTB",Reopened,1,"0 days 05 hours 30 minutes"
"Project Support Issues → Game Experts → Game Experts WoTB","In Queue",12,"20 days 21 hours 00 minutes"
"Project Support Issues → Game Experts → Game Experts WoTB",Reopened,1,"20 days 12 hours 19 minutes"
"Project Support Issues → Game Experts → Game Experts WoTB","Info Given",2,"2 days 15 hours 18 minutes"
"WoT → Вопросы по аккаунту WoT → Взломали аккаунт","Need info",116,"42 days 15 hours 41 minutes"
"WoT → Вопросы по аккаунту WoT → Взломали аккаунт","On hold",1,"6 days 14 hours 49 minutes"
"WoT → Вопросы по аккаунту WoT → Взломали аккаунт","In Queue",18,"0 days 09 hours 59 minutes"
"WoT → Вопросы по аккаунту WoT → Взломали аккаунт",Reopened,6,"0 days 09 hours 55 minutes"
"WoT → Вопросы по аккаунту WoT → Взломали аккаунт","Info Given",4,"0 days 08 hours 28 minutes"
"WoT → Вопросы по игровому имуществу WoT → Взломали аккаунт (Game WoT)","Need info",55,"42 days 09 hours 15 minutes"
"WoT → Вопросы по игровому имуществу WoT → Взломали аккаунт (Game WoT)","In Queue",5,"0 days 10 hours 01 minutes"
"WoT → Вопросы по игровому имуществу WoT → Взломали аккаунт (Game WoT)",Reopened,2,"0 days 10 hours 18 minutes"
"WoT → Вопросы по игровому имуществу WoT → Взломали аккаунт (Game WoT)","Info Given",1,"0 days 07 hours 04 minutes"
"WoT → Вопросы технического характера WoT → Общий тест 0.9.19","Need info",15,"5 days 17 hours 49 minutes"
"WoT → Вопросы технического характера WoT → Общий тест 0.9.19","Info Given",1,"0 days 23 hours 29 minutes"
"WoT → Вопросы технического характера WoT → Общий тест 0.9.19","In Queue",3,"0 days 02 hours 14 minutes"
"Blitz → Нарушения Правил игры Blitz → Причина блокировки: ""Chargeback issue""","Need info",43,"6 days 13 hours 53 minutes"
"WOWS → Вопросы технического характера WoWS → FPS и производительность в игре","Need info",22,"6 days 21 hours 24 minutes"
"WOWS → Вопросы технического характера WoWS → FPS и производительность в игре","On hold",2,"50 days 02 hours 24 minutes"
"Blitz → Вопросы по аккаунту Blitz → Проблема при авторизации","Need info",27,"7 days 00 hours 03 minutes"
"Blitz → Вопросы по аккаунту Blitz → Проблема при авторизации","On hold",3,"42 days 15 hours 31 minutes"
"Blitz → Вопросы по аккаунту Blitz → Проблема при авторизации","In Queue",8,"0 days 12 hours 23 minutes"
"Blitz → Вопросы по аккаунту Blitz → Проблема при авторизации","Info Given",1,"0 days 04 hours 09 minutes"
"Project Support Issues → Game Experts → Game Experts WoWP","In Queue",1,"11 days 10 hours 57 minutes"
"WoT → Вопросы по геймплею WoT → Ситуации в бою","Need info",124,"6 days 21 hours 49 minutes"
"WoT → Вопросы по геймплею WoT → Ситуации в бою","On hold",8,"7 days 21 hours 45 minutes"
"WoT → Вопросы по геймплею WoT → Ситуации в бою","In Queue",47,"0 days 12 hours 31 minutes"
"WoT → Вопросы по геймплею WoT → Ситуации в бою","Info Given",5,"0 days 10 hours 28 minutes"
"WoT → Вопросы по геймплею WoT → Ситуации в бою",Reopened,14,"0 days 12 hours 20 minutes"
"Project Support Issues → Events and HighLevel  → E&H WoT","On hold",2,"190 days 18 hours 25 minutes"
"Project Support Issues → Events and HighLevel  → E&H WoT","In Queue",3,"42 days 15 hours 57 minutes"
"Project Support Issues → Events and HighLevel  → E&H WoT",Reopened,1,"42 days 13 hours 55 minutes"
"WoT Sandbox → Игроки без доступа","Need info",2,"39 days 21 hours 49 minutes"
"WoT Sandbox → Игроки без доступа","On hold",1,"1 days 16 hours 31 minutes"
"Project Support Issues → Game Experts → Game Experts WoWS","On hold",1,"26 days 22 hours 17 minutes"
"Project Support Issues → Game Experts → Game Experts WoWS","Info Given",1,"0 days 09 hours 54 minutes"
"WoT → Вопросы по аккаунту WoT → Не приходит SMS","Need info",78,"6 days 22 hours 04 minutes"
"WoT → Вопросы по аккаунту WoT → Не приходит SMS","In Queue",9,"0 days 11 hours 23 minutes"
"WoT → Вопросы по аккаунту WoT → Не приходит SMS","Info Given",1,"0 days 07 hours 27 minutes"
"WoT → Нарушения Правил игры WoT → Причина блокировки: ""Chargeback issue""","Need info",17,"6 days 21 hours 51 minutes"
"Blitz → Вопросы по игре и игровому имуществу Blitz → Боевые задачи: ивенты, акции, задания","Need info",12,"6 days 07 hours 49 minutes"
"Blitz → Вопросы по игре и игровому имуществу Blitz → Боевые задачи: ивенты, акции, задания","On hold",16,"40 days 18 hours 34 minutes"
"Blitz → Вопросы по игре и игровому имуществу Blitz → Боевые задачи: ивенты, акции, задания","In Queue",10,"0 days 12 hours 51 minutes"
"Blitz → Вопросы по игре и игровому имуществу Blitz → Боевые задачи: ивенты, акции, задания",Reopened,2,"0 days 11 hours 01 minutes"
"WOWS → Вопросы по игре и игровому имуществу WOWs → Геймплей","Need info",33,"6 days 20 hours 49 minutes"
"WOWS → Вопросы по игре и игровому имуществу WOWs → Геймплей","In Queue",18,"0 days 11 hours 59 minutes"
"WOWS → Вопросы по игре и игровому имуществу WOWs → Геймплей","On hold",12,"8 days 20 hours 47 minutes"
"WOWS → Вопросы по игре и игровому имуществу WOWs → Геймплей","Info Given",3,"0 days 12 hours 38 minutes"
"WOWS → Вопросы по игре и игровому имуществу WOWs → Геймплей",Reopened,4,"0 days 11 hours 18 minutes"
"TWA ALPHA → Вопросы по игре и игровому имуществу TWA","On hold",1,"66 days 13 hours 33 minutes"
"TWA ALPHA → Вопросы по игре и игровому имуществу TWA","Need info",1,"6 days 16 hours 51 minutes"
"WoT → Нарушения Правил игры WoT → Причина блокировки: ""Фин. отдел""","Need info",4,"42 days 15 hours 41 minutes"
"WoT → Нарушения Правил игры WoT → Причина блокировки: ""Фин. отдел""","In Queue",2,"0 days 05 hours 57 minutes"
"Project Support Issues → Events and HighLevel  → E&H Other","On hold",1,"190 days 18 hours 25 minutes"
"Blitz → Вопросы по игре и игровому имуществу Blitz → Потерял имущество","On hold",2,"40 days 18 hours 32 minutes"
"Blitz → Вопросы по игре и игровому имуществу Blitz → Потерял имущество","In Queue",6,"0 days 11 hours 13 minutes"
"Blitz → Вопросы по игре и игровому имуществу Blitz → Потерял имущество","Info Given",2,"0 days 12 hours 51 minutes"
"Blitz → Вопросы по игре и игровому имуществу Blitz → Потерял имущество","Need info",3,"4 days 03 hours 36 minutes"
"Blitz → Вопросы по игре и игровому имуществу Blitz → Потерял имущество",Reopened,1,"0 days 09 hours 32 minutes"
"Financial → Платеж не прошел → Мобильный платеж и смс-оплата НП","Need info",4,"42 days 02 hours 14 minutes"
"Financial → Платеж не прошел → Мобильный платеж и смс-оплата НП","On hold",2,"6 days 17 hours 37 minutes"
"Project Support Issues → Sandbox_Tech","Info Given",2,"42 days 16 hours 48 minutes"
"WoWP → Вопросы по игре и игровому имуществу WoWP → Геймплей","Need info",6,"5 days 14 hours 59 minutes"
"WoWP → Вопросы по игре и игровому имуществу WoWP → Геймплей","Info Given",1,"0 days 11 hours 54 minutes"
"WoWP → Вопросы по игре и игровому имуществу WoWP → Геймплей","On hold",1,"1 days 13 hours 19 minutes"
"WoWP → Вопросы по игре и игровому имуществу WoWP → Геймплей","In Queue",1,"0 days 12 hours 47 minutes"
"Blitz → Вопросы технического характера Blitz → Звук, чат","Need info",6,"6 days 05 hours 49 minutes"
"Financial → Платеж не прошел → Терминал НП","Need info",5,"6 days 01 hours 49 minutes"
"WoT → Вопросы по игровому имуществу WoT → Акции в Премиум магазине","Need info",6,"5 days 17 hours 14 minutes"
"Blitz → Вопросы по аккаунту Blitz → Взломали аккаунт","Need info",12,"5 days 13 hours 52 minutes"
"Blitz → Вопросы по аккаунту Blitz → Взломали аккаунт","In Queue",4,"0 days 09 hours 28 minutes"
"WOWS → Нарушения Правил игры WoWS → WOWS Жалобы на нарушения Правил игры","Need info",11,"5 days 15 hours 49 minutes"
"WOWS → Нарушения Правил игры WoWS → WOWS Жалобы на нарушения Правил игры","In Queue",1,"0 days 00 hours 18 minutes"
"WOWS → Нарушения Правил игры WoWS → WOWS Жалобы на нарушения Правил игры",Reopened,1,"0 days 00 hours 23 minutes"
"WoT → Турниры и Клановые войны → Турниры","Need info",7,"6 days 12 hours 49 minutes"
"WoT → Турниры и Клановые войны → Турниры","On hold",4,"0 days 22 hours 01 minutes"
"WoT → Турниры и Клановые войны → Турниры","In Queue",3,"0 days 07 hours 56 minutes"
"WoT → Вопросы по аккаунту WoT → Telecom","On hold",9,"4 days 14 hours 20 minutes"
"WoT → Вопросы по аккаунту WoT → Telecom","Need info",10,"6 days 22 hours 49 minutes"
"WoT → Вопросы по геймплею WoT → Боевые задачи и игровые акции","Need info",12,"42 days 15 hours 53 minutes"
"WoT → Вопросы по геймплею WoT → Боевые задачи и игровые акции","On hold",6,"0 days 22 hours 11 minutes"
"WoT → Вопросы по геймплею WoT → Боевые задачи и игровые акции","In Queue",18,"0 days 12 hours 02 minutes"
"WoT → Вопросы по геймплею WoT → Боевые задачи и игровые акции",Reopened,3,"0 days 12 hours 48 minutes"
"WOWS → Вопросы по игре и игровому имуществу WOWs → Боевые задачи: ивенты, акции, испытания и события","Need info",13,"6 days 17 hours 49 minutes"
"WOWS → Вопросы по игре и игровому имуществу WOWs → Боевые задачи: ивенты, акции, испытания и события","In Queue",3,"0 days 11 hours 17 minutes"
"Financial → Вопросы по платежам в WoT Blitz → Платежи Google Play (Android)","Need info",18,"6 days 09 hours 21 minutes"
"Financial → Вопросы по платежам в WoT Blitz → Платежи Google Play (Android)","On hold",1,"0 days 12 hours 42 minutes"
"Financial → Финансовые акции","Need info",10,"5 days 09 hours 50 minutes"
"Financial → Финансовые акции","On hold",1,"0 days 06 hours 18 minutes"
"Financial → Не могу оплатить → Банковская карта НО","Need info",1,"4 days 12 hours 07 minutes"
"Financial → Не могу оплатить → Банковская карта НО","On hold",1,"0 days 03 hours 06 minutes"
"Financial → Вопросы по карте WARGAMING от Альфа-Банка → Иные вопросы","Need info",3,"6 days 12 hours 22 minutes"
"Financial → Вопросы по карте WARGAMING от Альфа-Банка → Иные вопросы","On hold",1,"2 days 06 hours 55 minutes"
"WoT → Вопросы по бонус-кодам WoT → Бонус-коды за покупку продукции","Need info",21,"5 days 17 hours 28 minutes"
"Financial → Заплатил не туда","Need info",5,"5 days 21 hours 48 minutes"
"Financial → Заплатил не туда","On hold",4,"5 days 07 hours 14 minutes"
"Blitz → Нарушения Правил игры Blitz → WoTB Обжалование наказаний","Need info",16,"5 days 18 hours 49 minutes"
"Blitz → Нарушения Правил игры Blitz → WoTB Обжалование наказаний","In Queue",99,"1 days 23 hours 36 minutes"
"Blitz → Нарушения Правил игры Blitz → WoTB Обжалование наказаний",Reopened,14,"0 days 17 hours 10 minutes"
"Blitz → Нарушения Правил игры Blitz → WoTB Обжалование наказаний","Info Given",3,"0 days 15 hours 28 minutes"
"WoT → Нарушения Правил игры WoT → Использование запрещенных модификаций","Need info",1,"5 days 14 hours 41 minutes"
"WoT → Нарушения Правил игры WoT → Использование запрещенных модификаций","On hold",1,"0 days 07 hours 45 minutes"
"WoT → Нарушения Правил игры WoT → Использование запрещенных модификаций",Reopened,1,"0 days 02 hours 14 minutes"
"WoT → Нарушения Правил игры WoT → Использование запрещенных модификаций","In Queue",1,"0 days 01 hours 40 minutes"
"Blitz → Вопросы по игре и игровому имуществу Blitz → Взломали аккаунт (Game WoTB)","Need info",3,"4 days 19 hours 39 minutes"
"WoWP → Вопросы по игре и игровому имуществу WoWP → Случайно продал технику","Need info",3,"6 days 01 hours 46 minutes"
"Mobile → Assistant","Need info",3,"6 days 12 hours 49 minutes"
"Financial → Вопросы по платежам в WoT Blitz → Платежи Apple Store (iOS)","Need info",3,"5 days 04 hours 49 minutes"
"Financial → Подарил не тому","Need info",2,"6 days 15 hours 49 minutes"
"WoT → Вопросы по игровому имуществу WoT","On hold",1,"488 days 15 hours 12 minutes"
"Financial → Платеж не прошел → Иной способ оплаты НП","Need info",6,"6 days 17 hours 49 minutes"
"WOWS → Вопросы по игре и игровому имуществу WOWs → Потерял имущество / экипаж","Need info",5,"4 days 21 hours 49 minutes"
"WOWS → Вопросы по игре и игровому имуществу WOWs → Потерял имущество / экипаж","On hold",1,"8 days 20 hours 47 minutes"
"WOWS → Вопросы по игре и игровому имуществу WOWs → Потерял имущество / экипаж","Info Given",1,"0 days 00 hours 28 minutes"
"WoT → Вопросы технического характера WoT → Проблемы с сайтом и форумом","Need info",12,"5 days 17 hours 03 minutes"
"WoT → Вопросы технического характера WoT → Проблемы с сайтом и форумом","Info Given",1,"0 days 16 hours 12 minutes"
"WoT → Турниры и Клановые войны → Кланы","Need info",4,"1 days 21 hours 49 minutes"
"WoT → Турниры и Клановые войны → Кланы","In Queue",4,"0 days 09 hours 45 minutes"
"Blitz → Вопросы по аккаунту Blitz → Хочу отвязать телефон","Need info",2,"2 days 19 hours 49 minutes"
"Blitz → Вопросы по аккаунту Blitz → Хочу отвязать телефон","In Queue",1,"0 days 06 hours 56 minutes"
"Blitz → Вопросы технического характера Blitz → Проблемы с сайтом и форумом","Need info",1,"6 days 17 hours 05 minutes"
"WOWS → Вопросы по бонус-кодам WOWs → Бонус-коды: турниры, выставки, стримы, праздничные мероприятия","Need info",2,"4 days 22 hours 49 minutes"
"WoT → Нарушения Правил игры WoT → Получено предупреждение ""Трибунал""","Need info",4,"4 days 03 hours 49 minutes"
"WoT → Нарушения Правил игры WoT → Получено предупреждение ""Трибунал""","In Queue",6,"0 days 12 hours 29 minutes"
"WoT → Нарушения Правил игры WoT → Получено предупреждение ""Трибунал""","Info Given",1,"0 days 10 hours 54 minutes"
"WoT → Нарушения Правил игры WoT → Получено предупреждение ""Трибунал""",Reopened,1,"0 days 08 hours 26 minutes"
"WoWP → Вопросы технического характера WoWP → Проблемы с лончером","Need info",4,"3 days 09 hours 21 minutes"
"WoWP → Вопросы технического характера WoWP → Проблемы с лончером","In Queue",1,"0 days 00 hours 09 minutes"
"WoWP → Вопросы технического характера WoWP → Вопросы интернет-соединения, ping в игре","Need info",9,"5 days 15 hours 49 minutes"
"WoT → Вопросы по аккаунту WoT → Хочу отключить 2-ой фактор защиты","Need info",2,"3 days 16 hours 28 minutes"
"WoT → Вопросы по аккаунту WoT → Хочу отключить 2-ой фактор защиты","In Queue",3,"0 days 08 hours 07 minutes"
"Blitz → Вопросы по аккаунту Blitz → Удаление аккаунта","Need info",7,"6 days 14 hours 31 minutes"
"Blitz → Вопросы по аккаунту Blitz → Удаление аккаунта","In Queue",2,"0 days 09 hours 42 minutes"
"Project Support Issues → Strongholds","In Queue",1,"8 days 22 hours 25 minutes"
"WOWS → Нарушения Правил игры WoWS → Причина блокировки: ""Фин. отдел""","Need info",2,"6 days 14 hours 35 minutes"
"Financial → Вопросы по карте WARGAMING от Альфа-Банка → Привязал карту к ошибочному аккаунту","Need info",5,"3 days 17 hours 49 minutes"
"Financial → Вопросы по карте WARGAMING от Альфа-Банка → Привязал карту к ошибочному аккаунту","On hold",10,"2 days 21 hours 12 minutes"
"Financial → Вопросы по карте WARGAMING от Альфа-Банка → Не могу привязать карту к аккаунту","Need info",3,"2 days 06 hours 49 minutes"
"WOWS → Вопросы по аккаунту WOWS → Не могу зайти на почту","Need info",4,"3 days 20 hours 49 minutes"
"WOWS → Вопросы по аккаунту WOWS → Не могу зайти на почту","Info Given",1,"0 days 10 hours 16 minutes"
"WOWS → Вопросы по аккаунту WOWS → Не могу зайти на почту","In Queue",1,"0 days 06 hours 56 minutes"
"Blitz → Нарушения Правил игры Blitz → Причина блокировки: ""Фин. отдел""","Need info",1,"3 days 09 hours 49 minutes"
"Blitz → Нарушения Правил игры Blitz → Причина блокировки: ""Фин. отдел""","In Queue",3,"0 days 09 hours 40 minutes"
"WoWP → Нарушения Правил игры WoWP → WoWP Жалобы на нарушения Правил игры","Need info",3,"4 days 16 hours 49 minutes"
"Project Support Issues → Tech Experts → Tech Experts MOO","Need info",1,"2 days 20 hours 07 minutes"
"WoT → Вопросы по геймплею WoT → Вопросы по обновлению 9.19","Need info",16,"1 days 00 hours 42 minutes"
"WoT → Вопросы по геймплею WoT → Вопросы по обновлению 9.19","On hold",8,"0 days 22 hours 31 minutes"
"WoT → Вопросы по геймплею WoT → Вопросы по обновлению 9.19","In Queue",1,"0 days 00 hours 33 minutes"
"WoT Sandbox → Проблемы по игровой части","On hold",2,"1 days 15 hours 53 minutes"
"Financial → Не могу оплатить → Мобильный платеж и смс-оплата НО","Need info",2,"4 days 03 hours 49 minutes"
"Financial → Вопросы по премиум магазину","Need info",2,"3 days 15 hours 49 minutes"
"Financial → Вопросы по премиум магазину","On hold",1,"2 days 05 hours 02 minutes"
"WoT → Вопросы по бонус-кодам WoT → Бонус-коды: турниры, выставки, стримы, праздничные мероприятия","On hold",18,"1 days 13 hours 07 minutes"
"WoT → Вопросы по бонус-кодам WoT → Бонус-коды: турниры, выставки, стримы, праздничные мероприятия","Need info",4,"2 days 15 hours 16 minutes"
"WoT → Вопросы по бонус-кодам WoT → Бонус-коды: турниры, выставки, стримы, праздничные мероприятия","In Queue",7,"0 days 10 hours 40 minutes"
"WoT → Вопросы по бонус-кодам WoT → Бонус-коды: турниры, выставки, стримы, праздничные мероприятия",Reopened,2,"0 days 11 hours 32 minutes"
"WoWP → Вопросы по аккаунту WoWP → Проблема при авторизации WoWP","Need info",2,"3 days 17 hours 29 minutes"
"WoWP → Вопросы по аккаунту WoWP → Проблема при авторизации WoWP","In Queue",1,"0 days 11 hours 37 minutes"
"WoT → Вопросы по аккаунту WoT → Взлом.Чит","Need info",1,"2 days 17 hours 49 minutes"
"WOWS → Вопросы по игре и игровому имуществу WOWs → Взломали аккаунт (Game WoWS)","Need info",1,"2 days 12 hours 49 minutes"
"WOWS → Вопросы по игре и игровому имуществу WOWs → Взломали аккаунт (Game WoWS)","In Queue",1,"0 days 04 hours 27 minutes"
"Project Support Issues → Общие предложения о сотрудничестве","On hold",1,"6 days 14 hours 14 minutes"
"Project Support Issues → Общие предложения о сотрудничестве","Need info",1,"1 days 19 hours 12 minutes"
"Project Support Issues → Общие предложения о сотрудничестве","In Queue",1,"0 days 00 hours 14 minutes"
"Financial → Вопросы по платежам в WoT Blitz → Платежи Steam","Need info",1,"6 days 01 hours 50 minutes"
"WOWS → Нарушения Правил игры WoWS → WOWS Обжалование наказаний","Need info",3,"1 days 09 hours 49 minutes"
"WOWS → Нарушения Правил игры WoWS → WOWS Обжалование наказаний","In Queue",1,"0 days 00 hours 10 minutes"
"Financial → Не могу оплатить → Иной способ оплаты НО","Need info",1,"1 days 19 hours 49 minutes"
"TWA ALPHA → Вопросы технического характера TWA","Need info",1,"1 days 18 hours 38 minutes"
"Blitz → Вопросы по бонус-кодам Blitz → Бонус-коды: турниры, выставки, стримы, праздничные мероприятия","In Queue",1,"0 days 10 hours 54 minutes"
"WoWP → Вопросы по игре и игровому имуществу WoWP → Боевые задачи","Need info",1,"2 days 06 hours 49 minutes"
"WoT → Турниры и Клановые войны → Командные бои","Need info",1,"2 days 12 hours 04 minutes"
"WoT → Турниры и Клановые войны → Командные бои","In Queue",1,"0 days 06 hours 40 minutes"
"WOWS → Вопросы по аккаунту WOWS → Взломали аккаунт",Reopened,1,"0 days 00 hours 29 minutes"
"WOWS → Вопросы по аккаунту WOWS → Взломали аккаунт","Need info",1,"0 days 13 hours 49 minutes"
"WOWS → Вопросы по аккаунту WOWS → Взломали аккаунт","Info Given",1,"0 days 11 hours 00 minutes"
"Blitz → Вопросы по игре и игровому имуществу Blitz → Акции в магазине","Need info",1,"6 days 14 hours 03 minutes"
"Blitz → Вопросы по игре и игровому имуществу Blitz → Акции в магазине","On hold",1,"0 days 21 hours 30 minutes"
"WOWS → Вопросы по аккаунту WOWS → Не приходит SMS","Need info",1,"1 days 16 hours 49 minutes"
"Financial → Вопросы по карте WARGAMING от Альфа-Банка → Не пришел голдбэк за предыдущий месяц","Need info",2,"5 days 13 hours 04 minutes"
"WoWP → Вопросы технического характера WoWP → to delete (Звук, голосовая связь, чат)","Need info",1,"0 days 18 hours 29 minutes"
"WOWS → Вопросы по игре и игровому имуществу WOWs → Вопросы и отзывы по обновлению 0.6.5","Need info",1,"1 days 06 hours 49 minutes"
"WoWP → Вопросы по аккаунту WoWP → Хочу отвязать телефон WOWP","In Queue",1,"0 days 09 hours 30 minutes"
"MOO → Вопросы технического характера MOO","Info Given",1,"0 days 06 hours 18 minutes"
"WoWP → Вопросы по аккаунту WoWP → Удаление аккаунта WoWP","Need info",1,"6 days 21 hours 06 minutes"
"TWA → Ошибочная привязка ключа","Need info",1,"5 days 20 hours 49 minutes"
"WoWP → Вопросы по игре и игровому имуществу WoWP → Потерял имущество / экипаж","Need info",1,"3 days 03 hours 05 minutes"
"WoWP → Вопросы по игре и игровому имуществу WoWP → Потерял имущество / экипаж","Info Given",1,"0 days 12 hours 06 minutes"
"WoT → Вопросы по игровому имуществу WoT → Trade In","In Queue",1,"0 days 12 hours 25 minutes"
"WoT → Вопросы технического характера WoT → to delete(Проблема с запуском игрового клиента)","Need info",1,"0 days 03 hours 33 minutes"
"WOWS → Вопросы по игре и игровому имуществу WOWs → Случайно продал технику","In Queue",1,"0 days 10 hours 38 minutes"
